Trial,miRNA.sequence,miRNA.Toehold.Complement,Full.Toehold.seq,Toehold.structure,Trigger.structure,Full.TriggerToehold.structure,Trigger.energy,Toehold.energy,BindingToeholdTrigger.energy,DeltaG_RBSLinker,Diff_energy,ensemble_defect_complex,ensemble_defect_binding
0.0,UAAAUAUCAGCUGGUAAUUCU,AGAAUUACCAGCUGAUAUUUA,GGGAGAAUUACCAGCUGAUAUUUAGUGUAAUAUAAUAAGGAGGUAUUAAUGGCCAUAUCGGCAACCUGGCGGCAGCGCAAAAG,((........)).((((((((......((((((.........))))))......))))))))......(((....))).....,....((((....)))).....,(((((((((((((((((((((+...)))))))))))))))))))))...((((((.........))))))...(((.....)))......(((....))).....,-1.9161128997802734,-17.845035552978516,-44.37382507324219,-12.299856185913086,-24.6126766204834,0.3389752897987633,0.10229442819125087
0.1,UAAAUAUCAGCUGGUAAUUCU,AGAAUUACCAGCUGAUAUUUA,GGGAGAAUUACCAGCUGAUAUUUAGUGUAAUAUAAUAAGGAGGUAUUAAUGGCCAUAUCGGCAACCUGGCGGCAGCGCAAAAG,((........)).((((((((......((((((.........))))))......))))))))......(((....))).....,....((((....)))).....,(((((((((((((((((((((+...)))))))))))))))))))))...((((((.........))))))...(((.....)))......(((....))).....,-1.9161128997802734,-17.845035552978516,-44.37382507324219,-12.299856185913086,-24.6126766204834,0.3389752897987633,0.10229442819125087
1.0,UAAAUAUCAGCUGGUAAUUCU,AGAAUUACCAGCUGAUAUUUA,GGGAGAAUUACCAGCUGAUAUUUAGUGUAAUAUAAUAAGGAGGUAUUAAUGGGUAUGUUAGCAACCUGGCGGCAGCGCAAAAG,((........)).((((((((......((((((.........))))))......))))))))......(((....))).....,....((((....)))).....,(((((((((((((((((((((+...)))))))))))))))))))))...((((((.........))))))..((((.........)))).(((....))).....,-1.9161128997802734,-16.845035552978516,-42.505889892578125,-10.431921005249023,-23.744741439819336,0.20416270487496227,0.10229442819125087
1.1,UAAAUAUCAGCUGGUAAUUCU,AGAAUUACCAGCUGAUAUUUA,GGGAGAAUUACCAGCUGAUAUUUAGUGUAAUAUAAUAAGGAGGUAUUAAUGGGUAUGUUAGCAACCUGGCGGCAGCGCAAAAG,((........)).((((((((......((((((.........))))))......))))))))......(((....))).....,....((((....)))).....,(((((((((((((((((((((+...)))))))))))))))))))))...((((((.........))))))..((((.........)))).(((....))).....,-1.9161128997802734,-16.845035552978516,-42.505889892578125,-10.431921005249023,-23.744741439819336,0.20416270487496227,0.10229442819125087
2.0,UAAAUAUCAGCUGGUAAUUCU,AGAAUUACCAGCUGAUAUUUA,GGGAGAAUUACCAGCUGAUAUUUAGUGUAAUAUAAUAAGGAGGUAUUAAUGAGAAUGUUAGCAACCUGGCGGCAGCGCAAAAG,((........)).((((((((((....((((((.........))))))....))))))))))......(((....))).....,....((((....)))).....,(((((((((((((((((((((+...)))))))))))))))))))))................((((.(((((......)))))..)))).(((....))).....,-1.9161128997802734,-18.24503517150879,-40.59174346923828,-9.302495002746582,-20.43059539794922,0.08908170704983544,0.10229442819125087
2.1,UAAAUAUCAGCUGGUAAUUCU,AGAAUUACCAGCUGAUAUUUA,GGGAGAAUUACCAGCUGAUAUUUAGUGUAAUAUAAUAAGGAGGUAUUAAUGGGUAUGUUAGCAACCUGGCGGCAGCGCAAAAG,((........)).((((((((......((((((.........))))))......))))))))......(((....))).....,....((((....)))).....,(((((((((((((((((((((+...)))))))))))))))))))))...((((((.........))))))..((((.........)))).(((....))).....,-1.9161128997802734,-16.845035552978516,-42.505889892578125,-10.431921005249023,-23.744741439819336,0.20416270487496227,0.10229442819125087
3.0,UAAAUAUCAGCUGGUAAUUCU,AGAAUUACCAGCUGAUAUUUA,GGGAGAAUUACCAGCUGAUAUUUAGUGUAAUAUAAUAAGGAGGUAUUAAUGGCCAUGUUAGCAACCUGGCGGCAGCGCAAAAG,((........)).(((((...))))).((((((.........))))))...((((.(((...))).)))).((...)).....,....((((....)))).....,(((((((((((((((((((((+...)))))))))))))))))))))...((((((.........))))))...((((.(((...))).)))).((...)).....,-1.9161128997802734,-16.964418411254883,-43.87275314331055,-11.798778533935547,-24.99222183227539,0.2722355960826842,0.10229442819125087
3.1,UAAAUAUCAGCUGGUAAUUCU,AGAAUUACCAGCUGAUAUUUA,GGGAGAAUUACCAGCUGAUAUUUAGUGUAAUAUAAUAAGGAGGUAUUAAUGGGUAUGUUAGCAACCUGGCGGCAGCGCAAAAG,((........)).((((((((......((((((.........))))))......))))))))......(((....))).....,....((((....)))).....,(((((((((((((((((((((+...)))))))))))))))))))))...((((((.........))))))..((((.........)))).(((....))).....,-1.9161128997802734,-16.845035552978516,-42.505889892578125,-10.431921005249023,-23.744741439819336,0.20416270487496227,0.10229442819125087
4.0,UAAAUAUCAGCUGGUAAUUCU,AGAAUUACCAGCUGAUAUUUA,GGGAGAAUUACCAGCUGAUAUUUAGUGUAAUAUAAUAAGGAGGUAUUAAUGCAGAUAUUGGCAACCUGGCGGCAGCGCAAAAG,((........)).((((((((((.(((((((((.........)))))).)))))))))))))......(((....))).....,....((((....)))).....,(((((((((((((((((((((+...)))))))))))))))))))))...((((((.........)))))).(((........))).....(((....))).....,-1.9161128997802734,-17.74503517150879,-41.73219299316406,-9.402494430541992,-22.071044921875,0.1386328748246928,0.10229442819125087
4.1,UAAAUAUCAGCUGGUAAUUCU,AGAAUUACCAGCUGAUAUUUA,GGGAGAAUUACCAGCUGAUAUUUAGUGUAAUAUAAUAAGGAGGUAUUAAUGGCCAUAUUGGCAACCUGGCGGCAGCGCAAAAG,((........)).(((((...))))).((((((.........))))))...((((...))))......(((....))).....,....((((....)))).....,(((((((((((((((((((((+...)))))))))))))))))))))...((((((.........))))))...((((...))))......(((....))).....,-1.9161128997802734,-17.565492630004883,-44.47382736206055,-12.399856567382812,-24.99222183227539,0.22730628780379503,0.10229442819125087
